{
  "hash": "cecd543f",
  "configHash": "f9764f3f",
  "lockfileHash": "355b0269",
  "browserHash": "1b718d64",
  "optimized": {
    "@angular/common/http": {
      "src": "../../../../../../node_modules/@angular/common/fesm2022/http.mjs",
      "file": "@angular_common_http.js",
      "fileHash": "de7b579e",
      "needsInterop": false
    },
    "@angular/core": {
      "src": "../../../../../../node_modules/@angular/core/fesm2022/core.mjs",
      "file": "@angular_core.js",
      "fileHash": "e8e5089f",
      "needsInterop": false
    },
    "@angular/forms": {
      "src": "../../../../../../node_modules/@angular/forms/fesm2022/forms.mjs",
      "file": "@angular_forms.js",
      "fileHash": "264e1817",
      "needsInterop": false
    },
    "@angular/material/button": {
      "src": "../../../../../../node_modules/@angular/material/fesm2022/button.mjs",
      "file": "@angular_material_button.js",
      "fileHash": "39135ae6",
      "needsInterop": false
    },
    "@angular/material/form-field": {
      "src": "../../../../../../node_modules/@angular/material/fesm2022/form-field.mjs",
      "file": "@angular_material_form-field.js",
      "fileHash": "97538c85",
      "needsInterop": false
    },
    "@angular/material/input": {
      "src": "../../../../../../node_modules/@angular/material/fesm2022/input.mjs",
      "file": "@angular_material_input.js",
      "fileHash": "fdde9906",
      "needsInterop": false
    },
    "@angular/platform-browser": {
      "src": "../../../../../../node_modules/@angular/platform-browser/fesm2022/platform-browser.mjs",
      "file": "@angular_platform-browser.js",
      "fileHash": "d9d1b15f",
      "needsInterop": false
    },
    "@angular/platform-browser/animations/async": {
      "src": "../../../../../../node_modules/@angular/platform-browser/fesm2022/animations/async.mjs",
      "file": "@angular_platform-browser_animations_async.js",
      "fileHash": "e81ebafe",
      "needsInterop": false
    },
    "@angular/router": {
      "src": "../../../../../../node_modules/@angular/router/fesm2022/router.mjs",
      "file": "@angular_router.js",
      "fileHash": "b8e3560f",
      "needsInterop": false
    },
    "jwt-decode": {
      "src": "../../../../../../node_modules/jwt-decode/build/esm/index.js",
      "file": "jwt-decode.js",
      "fileHash": "14615383",
      "needsInterop": false
    }
  },
  "chunks": {
    "browser-EI5CIZ3C": {
      "file": "browser-EI5CIZ3C.js"
    },
    "chunk-26YD3TNW": {
      "file": "chunk-26YD3TNW.js"
    },
    "chunk-DD33OWKB": {
      "file": "chunk-DD33OWKB.js"
    },
    "chunk-ZHLJAOUP": {
      "file": "chunk-ZHLJAOUP.js"
    },
    "chunk-6NTKOXQJ": {
      "file": "chunk-6NTKOXQJ.js"
    },
    "chunk-B3QCKC4T": {
      "file": "chunk-B3QCKC4T.js"
    },
    "chunk-V673PWSO": {
      "file": "chunk-V673PWSO.js"
    },
    "chunk-HPMDO4SZ": {
      "file": "chunk-HPMDO4SZ.js"
    },
    "chunk-SD6VBDSU": {
      "file": "chunk-SD6VBDSU.js"
    },
    "chunk-WDMUDEB6": {
      "file": "chunk-WDMUDEB6.js"
    }
  }
}